Hu1_hull,Hu2_hull,Hu3_hull,Hu4_hull,Hu5_hull,Hu6_hull,Hu7_hull,Area,Perimeter,Circularity,Hull_Circularity,Solidity,Convexity,Circle_Area_Ratio,Axis_Aspect_Ratio,Eccentricity,Perimeter_Area_Ratio,label_categorical
-0.773497041666393,-0.6730162860360571,-0.7630433852491683,-0.683369607949816,-0.5468412729751498,-0.602928167597849,0.13865139486405526,-1.044312303049245,-0.7851619566684277,0.8348010142185928,0.8864056715307602,0.7835095963451423,0.5361186135016898,0.8620617394312949,0.9501560295034377,-1.0352793462222716,0.14561415517978885,3
-0.10826188166532717,-0.3602717710364401,-0.15062092546378913,-0.3246826607805623,-0.4850943041416292,-0.47792914854718277,-0.6480010386491497,0.3387437053389241,0.7497084633967246,-1.0573472331259453,-0.5459145231516161,-1.274497858806852,-1.4113608886498903,-0.7817695202402855,-0.45495087347239094,0.8214488637932336,-0.11952098790220773,2
-0.14323213582550529,-0.38475271052176563,-0.13738258152756724,-0.3357231162383002,-0.4872872404333269,-0.48656440424684366,0.053488355936927835,-0.13669560971782777,0.2433186016067441,-0.9496653031796429,-0.5203342810825858,-1.20119280016754,-0.9051628705832158,-0.7590268386730779,-0.30005193552426457,0.7311363977622283,-0.11586652690654367,2
1.689403306059681,1.7493852717540779,1.7223566696255532,1.765687098938113,1.6723108976226144,1.7732710399769036,1.3663902098649836,-1.1012493963907692,-0.26402068166384224,-1.0387038045891486,-1.3770953299990432,-1.298491016234729,0.115611447233342,-1.194510519997765,-1.5237655179339615,1.1761523468642991,1.8675881987390561,1
1.7137624509316354,1.790154961682372,1.8825266328746328,1.9312760008477634,1.9787824212505951,1.955150373289095,-1.4875709255545846,-0.9905044956948189,-0.24685606543278923,-0.9759735316762864,-1.3788664078824855,-0.7164114876003717,0.19942120986256942,-1.1964983243298024,-1.4239995578876903,1.1598752818621298,1.6645687059923493,1
1.580319011899439,1.5701929147945215,1.4251846231022294,1.4471801105368038,1.142729551996713,1.3862650908359475,1.7142153429079916,-0.9717111001903816,-0.3926666814236647,-0.8025839032505818,-1.3470627082600914,-0.08912286404609429,0.7294559425976365,-1.179488925758199,-1.6273476136272196,1.1897675755331134,1.4218045356538798,1
-0.7761945193637909,-0.6730408818941855,-0.7632039461083244,-0.683370439401875,-0.5468412729746093,-0.6029281702101507,0.13865139962349782,-0.34392682834930616,-0.6280547802969146,1.15044965681454,1.0296710621156944,0.9583892542228064,0.6866919054818182,1.1645278340515957,0.9715782423872139,-1.1680426282396195,-0.7054292182652948,0
-0.7732197177351368,-0.6729163643187843,-0.7631564220269307,-0.6833698800522596,-0.5468412729757267,-0.6029281691068905,0.1386513997519383,-0.8146545348435628,-0.7228931233887951,0.9534171176649754,0.8877882536237726,0.8639895948321421,0.633845967425332,0.8652628166933352,0.8789875407464489,-0.7525100963176116,-0.27016839646233926,3
-0.7762040947307416,-0.6730421406077688,-0.7631865676547176,-0.6833704398070909,-0.5468412729746093,-0.6029281702083665,0.13865139962349546,0.9453213187533086,-0.4089029069879338,1.1550407205892461,1.032205586308563,0.9663945336080816,0.6856759909942712,1.1564127669534088,0.9710118700911179,-1.1638209109398596,-1.1205603673647677,0
-0.7762024987479695,-0.6730418660825381,-0.7631968221675537,-0.6833704397533625,-0.5468412729746093,-0.6029281702085194,0.13865139962352288,0.9431644097678511,-0.4074739742918332,1.1428920736952042,1.0329138090683205,0.9647676266895097,0.6730296041921031,1.163838592122247,0.9717263070372236,-1.1691555991671305,-1.1181527918871683,0
-0.7762051394472098,-0.6730439034469793,-0.7631910951882861,-0.683370440109376,-0.5468412729746093,-0.6029281702090092,0.1386513996235032,-0.43087501187783156,-0.6471509819592531,1.1566869648794553,1.0297848176475357,0.9586886986944367,0.6930481803222509,1.168510922517152,0.983233542283676,-1.2726983418217015,-0.6543996696559201,0
1.6033018253286935,1.6073504831762668,1.3517895377886402,1.3817534355016756,1.038235012612463,1.3411295615414374,-0.9062068696613473,-0.7933064397620876,-0.3088448831382685,-0.7674643827086154,-1.3437109786700463,0.01932259275770008,0.8277633421457503,-1.1769288735259462,-1.370948682488056,1.1499361904979966,0.9374889622469537,1
-0.05923045515779733,-0.32617725424075916,-0.1319373451977918,-0.2977236004434114,-0.4769594560620152,-0.4613539944956534,0.5769185449971094,0.9881854649438149,2.67466810120676,-1.2383994458297476,-0.5910128655900372,-1.560818936222885,-2.6448779713067747,-0.8061404914396274,-0.5633538199622058,0.877733114346966,0.5998737021400485,2
1.9816987374624846,2.259566981641792,3.1943231974776087,3.3016591076958166,5.265289449580308,3.6509469597539566,-6.848053831336287,-1.1611478196918354,-0.2564103254755642,-1.084670914411423,-1.4261889845259332,-1.5496120853918025,0.04601596859719012,-1.210907834392319,-1.23287294038906,1.1198002890999312,2.2157785788575755,1
-0.7722633761214625,-0.673027472353022,-0.759716519253183,-0.6833631397022094,-0.5468412728194584,-0.6029281883937851,0.13865193419759375,-0.5865172106768095,-0.6050692754181743,0.465142051226311,0.8481700175965704,0.6538691305878092,0.16738938654885877,0.7441959525245812,0.9147443472049015,-0.8771780216843234,-0.3733842389362003,3
-0.7762061515642315,-0.6730437766669664,-0.7631914299400875,-0.683370439741649,-0.5468412729746093,-0.6029281702085103,0.13865139962349043,0.7630625094821478,-0.4367460614896359,1.163113905321695,1.0309657816589455,0.9680296660894679,0.6944303465512589,1.1587209909686915,0.9768428585391677,-1.210365895607983,-1.085535608108857,0
-0.7727115898967293,-0.6727659366316288,-0.7629320225622513,-0.6833692282064263,-0.5468412729771255,-0.6029281811470243,0.13865138922121428,0.42512614224831313,-0.3862343766267067,0.5109326374596553,0.8823231888525359,0.8407292103839029,0.11767714137227563,0.7779680001189759,0.8531138774005461,-0.6748906826470153,-0.8624194920828444,3
-0.772835366173371,-0.672792364248836,-0.7629642084055794,-0.6833693915729498,-0.5468412729788517,-0.6029281782017506,0.13865139360990666,0.5646887613565237,-0.44275773453232936,0.987044490679803,0.885243661295186,0.9277416269690141,0.6437269758340886,0.7842333772527309,0.8235747115804473,-0.5952058221998036,-1.0108201708413733,3
-0.7762171613858686,-0.6730438336172784,-0.7632093123346003,-0.6833704401737009,-0.5468412729746093,-0.6029281702088987,0.13865139962350584,-0.47217451507478875,-0.6552342444261334,1.146434361080624,1.0325398826942473,0.9592534999515072,0.679688746668708,1.164584309928303,0.977112948493007,-1.2127137561641101,-0.624036304442293,0
1.6061375501654847,1.6120608208437464,1.3695276439496145,1.4012621871844624,1.06747610187871,1.3615393039772685,-0.4077778478840087,-1.0665708965958927,-0.44421641061353734,-0.8252191330083204,-1.3437109262482498,-0.03234732146439383,0.5712285198280586,-1.1785062927918961,-1.3717258087913702,1.1500882841909759,1.9054641790839442,1
-0.11511451087681078,-0.365472491214709,-0.13949728648396748,-0.3244138581517415,-0.4844634580896455,-0.4788272179673272,-0.023174971171710638,1.545861354966597,1.0856527488395509,-1.007316137099503,-0.5342338437392946,-1.0602461593498045,-1.249851717240945,-0.7726567866614509,-0.4613218803605401,0.8249083125565568,-0.5796691082607135,2
-0.7723262563297545,-0.6730407406942981,-0.7596641362827622,-0.6833674097811598,-0.5468412730167846,-0.6029281713166645,0.13865154346475053,-0.6278343934556148,-0.6310649718994039,0.5734177146304128,0.8470899752883277,0.6650105854208007,0.30359435687194614,0.746847627720999,0.9396831126519507,-0.9831447281538689,-0.3808192463763921,3
1.58327675667113,1.5747829629684993,1.5599981625347137,1.5811533117270293,1.360749349951934,1.5134962596418224,2.1141661829730127,-0.9670790497462024,-0.3985260268106699,-0.7894688561301486,-1.3468390160124162,-0.06851834797482485,0.7821686652323914,-1.1796072550631773,-1.5502399591286466,1.1799483815815246,1.3803874339540059,1
1.62801683643274,1.6479400336123358,1.3212262340916585,1.3584925380352908,1.0002292290733954,1.3362826805646624,-0.3874372401517909,-0.827834663111256,-0.293062917105961,-0.8143904170043068,-1.3483581345467213,-0.0006336242907705053,0.6228655750916211,-1.1810057018090268,-1.3737256639000253,1.1504787900659499,1.134609842269596,1
-0.14757900352240383,-0.38760209305500465,-0.1472570458902501,-0.3439124367626679,-0.4898344559082942,-0.4898702641076209,-0.08400720263343411,0.08116103760430614,0.34947453498970893,-0.9509982486590847,-0.5161816453730051,-1.174637527713302,-0.9304493780960033,-0.7543332840394129,-0.34687244718331084,0.7597279796023757,-0.2350358738644756,2
-0.7762063203394596,-0.67304136828866,-0.7631956151065681,-0.6833704401853933,-0.5468412729746093,-0.60292817020894,0.13865139962350642,1.2747714867000974,-0.3633417084176894,1.1574609929143793,1.0327248665243707,0.9692244874367156,0.6864653823009504,1.1604933317175654,0.9704885964376398,-1.1599691920376252,-1.1768903758419815,0
1.6015766587793507,1.604642860333104,1.3613707235567256,1.3924899551789995,1.0542264512062243,1.3500756006270611,-0.9090655211285602,-0.8169352009019564,-0.30937367129875953,-0.7850518572783206,-1.3436750667437563,-0.007642441226393434,0.7579760529476756,-1.1777635635245247,-1.3090721703843051,1.1372006129017196,1.0182972086814495,1
-0.7731196807236987,-0.672836392830093,-0.763081320419986,-0.6833703268560551,-0.5468412729744557,-0.6029281705347675,0.13865139967740855,0.5080257015336437,-0.44795338888437614,0.9590971091337663,0.8980461481223402,0.9014105008246516,0.6138471315378281,0.8522780027931919,0.8731431388296007,-0.7342168731955702,-0.9950876134656017,3
-0.7762069884561855,-0.6730391210367631,-0.7632034027053969,-0.6833704400164555,-0.5468412729746093,-0.6029281702088172,0.13865139962350978,1.785110296324826,-0.29570386207559984,1.1478860008556524,1.034978342685257,0.9690059280457312,0.6746230576959651,1.1731816379475826,0.9642576385445326,-1.1171982730936563,-1.2453885816121624,0
-0.1370130483207186,-0.38132708241858376,-0.13945020483470646,-0.3441755082725494,-0.4895447314371973,-0.48882702645553844,1.0424089044464164,-0.319635082890137,0.08742493837620276,-0.909607536416671,-0.5458540366085372,-1.1760954311616818,-0.7005051247839489,-0.7707140578316861,-0.3852907534741558,0.7823366579539021,-0.060862537578841504,2
-0.7762180456498622,-0.673044877687475,-0.7632084573250265,-0.6833704402184113,-0.5468412729746093,-0.602928170208912,0.13865139962350584,0.9463732538732654,-0.40961737378767166,1.1611175138961614,1.0321127628831857,0.9685824766174586,0.6911248162047495,1.1651652823528693,0.9795828161606104,-1.2351976285138284,-1.1215235446130944,0
1.6757274139565237,1.7265054391812578,1.681692893177633,1.721555610655907,1.5948617329761006,1.7193777663635619,1.874985703694202,-0.9074193008000843,-0.3280985154417044,-0.8325731304654429,-1.3717709161538811,-0.07824522339349241,0.6487010293562493,-1.191945545345078,-1.3869810641056604,1.1530347034486665,1.3395852433303788,1
-0.7727862265809917,-0.6729647111225571,-0.7621359462541296,-0.683366617998308,-0.5468412729304412,-0.6029281778293036,0.1386515045473763,-0.5254254156010024,-0.6156129133438064,0.6641075751295159,0.8614876147872755,0.7597430560872891,0.36202931296572394,0.7692182474864195,0.9576358524227953,-1.0766537247496442,-0.47775623934089523,3
1.589624134974483,1.5854383488356272,1.2877253542740583,1.318484872605401,0.9428658844099946,1.272506757108862,-0.5808486530161565,-0.8185086836864295,-0.2999086431578318,-0.7987117396077731,-1.339443731354214,-4.023703383503209e-05,0.672814138431115,-1.1764884763836163,-1.3011520176048375,1.1354807749493083,1.0663793661154026,1
-0.7729234705602579,-0.6730279957132302,-0.7605288864733315,-0.6833686997978193,-0.5468412729897132,-0.6029281656261194,0.13865145449801827,-0.7724356933905089,-0.6909662725931837,0.742241846703322,0.8727824884272916,0.7262729838115889,0.46400912427174523,0.7720316224623986,0.9227356197396831,-0.9089296840981369,-0.2813826045420933,3
-0.7762108418378325,-0.6730409874897234,-0.7632020989891056,-0.6833704399631094,-0.5468412729746093,-0.6029281702085247,0.13865139962350712,0.6905850636962206,-0.44679936618734456,1.1567494146543669,1.033486979272628,0.9686759631521034,0.6853509972479713,1.168631798994392,0.9697620179218016,-1.1546955200869076,-1.068521075282353,0
-0.1601524793165797,-0.3951345938084229,-0.18797976598573563,-0.36976445841809824,-0.4979252858558419,-0.49991343827754714,-0.5256053723901055,2.811807813193531,1.6970358083828292,-1.0500575862676524,-0.49070406357402707,-1.1922038340137153,-1.4603146616953833,-0.7428361693294699,-0.3607004305768666,0.7679526154037901,-0.7706038068689588,2
-0.07490696655138829,-0.3391652886180758,-0.024302967329881898,-0.23880746357988392,-0.4532644193987309,-0.44279293787583424,-0.2620895205221201,2.818879645932736,3.6658391845912974,-1.2306396954726515,-0.5832551523494324,-1.5962070875388084,-2.5557574119149074,-0.7994190221173239,-0.26013399248594304,0.7058277809666906,-0.14089117614930513,2
1.7063140633912206,1.777766630719739,1.7803881003515534,1.8282478286843393,1.7846328963358393,1.8482093737109162,-0.7596921424593566,-1.0552913233768606,-0.19097536618245287,-1.0552013237132465,-1.3774390394176341,-1.1536062328955596,-0.11636535349785482,-1.195640343948256,-1.4791222070633372,1.1692556334728552,1.9476221353844112,1
-0.7762104248386819,-0.6730419785208673,-0.7631995751774848,-0.6833704401890193,-0.5468412729746093,-0.6029281702088687,0.13865139962350528,1.602603972907793,-0.31926021999462534,1.1511075368181591,1.0335369818627496,0.9693676081825361,0.6790305724741009,1.166272026582661,0.970416494853512,-1.1594420402456522,-1.2227731745678694,0
1.6151740334200322,1.6265737148130923,1.5001581781927098,1.5271793842962789,1.2691089098510182,1.4867620867522295,1.4094489114540711,-0.9423453147408329,-0.3852173644385353,-0.7854631159127395,-1.354832271803775,-0.00529043656516697,0.7908632444378417,-1.182840373616295,-1.5550429356749311,1.1806137066934201,1.340105124233875,1
1.7088984018601736,1.7823604605965704,1.635776360475034,1.6849466339110681,1.5263984967470476,1.7104805429954186,-1.2561999261496393,-1.04836092729244,-0.18338243435382068,-1.055574033237974,-1.3778778090151742,-1.241852489096924,-0.05975648643263065,-1.1964259125618153,-1.459005176827811,1.1659434458169458,1.8180908242988272,1
-0.7761987997963622,-0.6730386040480613,-0.763205549135083,-0.6833704398105592,-0.5468412729746093,-0.6029281702096763,0.1386513996234995,0.5912700126650106,-0.46197651558702324,1.1560770722376468,1.0337863868911041,0.9662010723826012,0.6855677689954449,1.1688789993367439,0.9664488622342701,-1.131646391676534,-1.0460574012582122,0
-0.77304669619706,-0.6728831044103968,-0.7618869047553475,-0.683369314515871,-0.5468412729615333,-0.602928171309789,0.13865141186484028,-1.0750659356738628,-0.7985213938417416,0.8665933202233457,0.8942307233540073,0.7902321324868333,0.5636399375043034,0.8024039160898795,0.8960137879774177,-0.8088295132994874,0.20720741242531204,3
1.5710419527223167,1.5553833481475674,1.378540164718847,1.401103975711202,1.0706986986261984,1.3367746316855023,1.9893760894701216,-0.9720381724545699,-0.3892677083034859,-0.8077773339189377,-1.3442107060069206,-0.10584572219871827,0.7039320551655749,-1.178970741217348,-1.5798034207337337,1.1839301721521562,1.427154442266512,1
-0.7761914022415449,-0.6730449964726893,-0.7631864381821142,-0.6833704396889311,-0.5468412729746093,-0.6029281702087026,0.13865139962349993,-0.37818101817983035,-0.6342398118693433,1.1399956620294676,1.0276184263587456,0.9561206269630729,0.6783775095747823,1.14005604848033,0.9830866380646784,-1.2710641011209034,-0.6830676465271089,0
-0.7733132583305248,-0.6729153325898776,-0.7630663148452905,-0.6833701486004979,-0.5468412729748309,-0.6029281682121451,0.13865139874522386,-0.9216160050240383,-0.7559914202172587,0.9756034840991136,0.8965969052400085,0.8799170088856718,0.6439113900227654,0.8356384738645731,0.872878924221543,-0.7334011886358631,-0.12051047559146487,3
1.7927168592263434,1.9244368286861695,2.021420868438348,2.085256273504184,2.2764542131482646,2.178706450702361,-1.1263669397921747,-1.0721399648780165,-0.1509898909708843,-1.0863221537929835,-1.3847775309359105,-1.1271422533227817,-0.37517091231771377,-1.1941980090097077,-1.3822777139489202,1.1521342467358002,2.311926307001598,1
-0.15622116887791737,-0.3930746304421767,-0.16550651559768592,-0.357657377756862,-0.4940612173743011,-0.49549293334916267,-0.053137820774282835,0.31642323325580834,0.3062003512406059,-0.8690685644935188,-0.5046060769081192,-1.0088011363766032,-0.6626693641151388,-0.7467783455596962,-0.3330833607799576,0.7514276465364349,-0.4393415198975601,2
-0.7762020682458628,-0.6730410325459072,-0.7631970869757133,-0.6833704399737056,-0.5468412729746093,-0.6029281702090317,0.13865139962349843,-0.13305361585713718,-0.5861166893822637,1.152978051667113,1.031117521494184,0.9603815389350966,0.687235725511983,1.163371738315888,0.9676310737297148,-1.1396937030684262,-0.8120974083912322,0
-0.7761362829273901,-0.6730336651232942,-0.763170369132696,-0.6833704303054539,-0.5468412729746072,-0.6029281701903796,0.13865139962244638,0.39210068335622583,-0.4839813575029673,1.08029699874645,1.0254299959143918,0.942905918005305,0.6226555706237661,1.1133260017383868,0.9484833026688325,-1.026545555753962,-0.9832266385126329,0
-0.7761789031356485,-0.6730344640582965,-0.7631904557533374,-0.6833704387436302,-0.5468412729746094,-0.6029281702118122,0.13865139962343895,-0.2804659693058653,-0.6127042710425505,1.1281644070460632,1.031382819559518,0.9540970315461282,0.6637030892106174,1.16476871337142,0.9621367531579812,-1.1037383258205067,-0.7354351395357378,0
-0.7761827561230142,-0.6730457540823362,-0.7631622455165941,-0.6833704348468046,-0.5468412729746084,-0.6029281702059399,0.13865139962409145,-0.5069767719426014,-0.6634400912840446,1.1511645061412115,1.0265593963660846,0.955069978567437,0.6915735773477417,1.1280388663769385,0.982032116650529,-1.2596758972113757,-0.6021804178637894,0
1.6876435970823493,1.7462324676257122,1.7998111287658123,1.8416837323451727,1.8123222883080243,1.8454287386066388,1.143008681470076,-0.9851564221857951,-0.16518277149561575,-1.0305497966097596,-1.3746817863061411,-0.6672815361998925,-0.22514493910825237,-1.1938366421896023,-1.4232347951089732,1.1597383771676022,2.023059921632955,1
-0.7761832394761523,-0.6730342079764351,-0.7632076171685116,-0.683370440197034,-0.5468412729746093,-0.6029281702090125,0.13865139962350562,1.0330562436740707,-0.392715347446176,1.1299605514232645,1.0324259600619623,0.9635188664579608,0.6603161565769686,1.158361306481674,0.9594807368227795,-1.0875298719364164,-1.1324742373967247,0
-0.7729164479291372,-0.6729119679928033,-0.7629893107895374,-0.6833701620697558,-0.5468412729744707,-0.6029281682126918,0.13865139856875716,-0.6632465958971837,-0.6774124449320377,0.902318288376614,0.871893197870681,0.8784110824295114,0.5819797155022576,0.8123465111980869,0.8967186596784018,-0.811269326501104,-0.4129781634989993,3
-0.7762112582827594,-0.6730422861657388,-0.7632017780683128,-0.6833704400993073,-0.5468412729746093,-0.6029281702087506,0.1386513996235055,0.6989033069557106,-0.44507449141362787,1.1533367558707015,1.0327363548166275,0.9675560674619805,0.6828940752617735,1.1679147186632437,0.9725837876269231,-1.1756797858438215,-1.0698851964275484,0
-0.14597350635650622,-0.3863729046240259,-0.15889461709767067,-0.35045882278355556,-0.4920030243104438,-0.4918725787707752,0.7973798017036968,1.2138299680699984,1.0260648114513327,-1.0258936037242057,-0.5189679690597966,-1.2668671490097407,-1.2639546946506008,-0.7581871356055295,-0.27474151596010776,0.7151907629239781,-0.5400170899233009,2
1.7720687810307059,1.8892859308080923,1.711133388220539,1.7708314069978008,1.6742751908824225,1.8460863346038408,-0.055165185190532325,-1.0324581434201525,-0.2836318525573769,-0.9749118772066669,-1.3807504272640807,-0.653263803691066,0.1737214296906013,-1.1929785007801654,-1.406184326604717,1.156637772922283,1.879892012204763,1
-0.7733381955560614,-0.6730249679111882,-0.7625245212112525,-0.6833695534064244,-0.5468412729708861,-0.6029281727659686,0.1386514091501408,-0.5267955831942234,-0.6222462099519888,0.714989101484719,0.8803817590613722,0.7705022938652821,0.40398907936880046,0.8344201755123968,0.9312994143032202,-0.9451123777181087,-0.49322015674446973,3
-0.09646962302861208,-0.35462529120533637,-0.0017410790686489387,-0.23440528890518333,-0.4504365224639173,-0.44505670086043114,-1.1738892489411563,1.0274164570645545,1.7909950343803216,-1.1743811883656503,-0.572233733504191,-1.5663309940464674,-2.0585060756300484,-0.7886297075531561,-0.2665970207147889,0.7099849889358831,-0.051688501604380904,2
-0.77346246641086,-0.6729200828637866,-0.7626331478787441,-0.6833703182375575,-0.5468412729742372,-0.6029281710405977,0.13865139969355494,0.24238998426725605,-0.48676741740061735,0.9110346031429905,0.8976728635986231,0.8707315819741799,0.5739510836085646,0.7973258367022655,0.8219560878054003,-0.5910663207161228,-0.912819527038312,3
-0.11853127538238122,-0.36733950052524,-0.1640873567262993,-0.3397509956333817,-0.48958965329588167,-0.48468714183076833,-1.1622673078926158,1.1448707590718257,2.73278300408885,-1.235690451774262,-0.5368674487477334,-1.6239816107080685,-2.6278699106226546,-0.7812663513132151,-0.4370200197672791,0.811607877474125,0.4290984580646276,2
1.7735559649282884,1.8916730837645173,1.8820820469221826,1.943508987585627,1.9963144256629624,2.0196165224529063,0.6271274924320788,-0.9277773392980706,-0.25428795829917283,-0.9272878327849868,-1.3814207376277718,-0.3446587242978623,0.2982276302052775,-1.1928459587328182,-1.4021614608194979,1.155892720287992,1.5572568234200865,1
-0.11859127159521554,-0.3673879609343851,-0.15970445516324233,-0.33593900498413726,-0.4884200600749033,-0.4833470413463948,-1.0431735815786212,0.4651615553431374,0.8961914841381192,-1.0793071021831575,-0.5419484028397923,-1.3543613638684842,-1.508758066330878,-0.7823026838519386,-0.4356880342029988,0.8108706501617072,-0.14814600196893743,2
-0.09829081670016446,-0.3557951298028242,0.0208235137036372,-0.21764766437835636,-0.4434855912230343,-0.4394005483683851,0.1536249227242819,2.0875195438350795,2.5235893484401926,-1.1889737358111148,-0.5926228993115452,-1.0798905807570258,-2.3384376264320017,-0.8029135007398214,-0.450958026127479,0.8192708563499409,0.0015830934166692315,2
1.6935125128981112,1.7560970648147531,1.7415307320730942,1.7836746412805247,1.705441565761638,1.794056308082209,1.0392488573747065,-1.055874749577845,-0.2723701428834562,-1.0008221296859408,-1.3780571544192872,-0.7652960401265462,0.05489456698294361,-1.1951327576056494,-1.4824877202195452,1.1697973207044299,2.0160688411549925,1
-0.15353633185650137,-0.39133248378879565,-0.16379417005821204,-0.3557223449471052,-0.4935139903555543,-0.494519392149347,-0.07295663930007845,0.24478556760766174,0.23316374664420178,-0.8381268925782431,-0.5070537556011174,-0.9566398792441224,-0.5594688399591861,-0.747788121563784,-0.3255752008868185,0.7468662224018467,-0.43649725516881616,2
-0.15656500756253836,-0.39333908800248873,-0.16407358181072332,-0.35721828712539183,-0.4938910868795099,-0.49539928222398444,-0.049462838723673526,0.30625747369320117,0.3912900412122038,-0.9214774026849725,-0.5049539138356912,-1.075849157761594,-0.8568979565687214,-0.747682298477494,-0.42114721954666745,0.8027664286972886,-0.3660497406653612,2
-0.7729861435412736,-0.6727393927498726,-0.7628697850161952,-0.6833697631908179,-0.5468412729718793,-0.6029281773949187,0.1386513961387895,0.18156338291916907,-0.5037920242185184,0.9551663242406442,0.9067458079394104,0.9033078375300752,0.601203004412739,0.833025697645739,0.831386976578937,-0.6154947491982128,-0.8970562793356586,3
-0.7732131826732098,-0.6728868222535604,-0.7630820202429135,-0.6833697427481655,-0.5468412729723381,-0.6029281655149028,0.13865139852280722,-0.9741774018581794,-0.7738023023406992,0.9950826733154086,0.891241284754194,0.890554543320961,0.6653214546407595,0.8465624791056836,0.9063627730919526,-0.8456414077799623,-0.033721294870906325,3
1.5987486365901127,1.5998295811278216,1.4464446577625454,1.4745840915692119,1.1837772681522285,1.4250746497661306,-2.1296156224791676,-0.8085373995241504,-0.295473125915668,-0.7969225214907976,-1.3490445325169051,-0.047272711942011734,0.7396707632160419,-1.180521647952642,-1.4156501010122498,1.1583705333282528,1.0072237203145356,1
-0.09756195307488404,-0.35541087965012447,-0.0047659524747497625,-0.2374875926736663,-0.45161704400817454,-0.44633191446370635,-1.124213429051159,1.0484816788364615,1.3093242633686832,-1.1061871049292413,-0.5697180360068514,-1.3292875810150246,-1.6653698687065952,-0.7861514894721772,-0.3041757438046212,0.7337014773527465,-0.2653458405087118,2
1.571358732037619,1.5556148007871262,1.503132530586869,1.5219169001825168,1.2638164356555441,1.4493374683089932,1.9247680972675327,-0.9564889802192429,-0.3863293235807229,-0.7972120584899514,-1.3455724113411467,-0.10124818198284541,0.7588452324888393,-1.1790997005858581,-1.5660668033301555,1.1821137133926631,1.347634841843261,1
-0.7734984891652721,-0.6729326645435042,-0.763167170985142,-0.6833701946787938,-0.5468412729747594,-0.6029281706626606,0.13865139995699993,0.4557825371727668,-0.4584339291891918,0.9714905145122688,0.8974892030521532,0.9160756398930691,0.6213735168902006,0.8425041108604939,0.8523663155369926,-0.6727675193293228,-0.9812801735818689,3
-0.09710137132081326,-0.3549407113812098,-0.013927662932681863,-0.2425549194181834,-0.45380262273922345,-0.4479946118198929,-1.0718925360469198,1.1191823266466634,1.3732374512483205,-1.1115821434015252,-0.5688227859064544,-1.351454078509374,-1.691927369347948,-0.7867629981823604,-0.32476582880884564,0.7463727312673647,-0.27966148475873714,2
-0.7733645288939297,-0.6729540598649107,-0.7631299160234208,-0.6833703938980662,-0.5468412729745826,-0.6029281704752169,0.13865139964870674,0.6809762109618259,-0.4249678831022607,0.9924452279304601,0.8892671946569891,0.9295745995088533,0.6454973972209825,0.834046051712092,0.865184149473364,-0.7100518885033944,-1.039434905361777,3
1.6405821797233187,1.6684196079172569,1.445874681993,1.4851395380651957,1.1962665084443653,1.465635185248943,-0.03041156336395562,-0.9281839696805749,-0.345467731684683,-0.8277302586875099,-1.3510376437726117,-0.013256905577861203,0.5704712155222068,-1.1828421289004238,-1.3615641823593005,1.1480841966943427,1.431787271615394,1
-0.7730847025471854,-0.6729064006348318,-0.7629845286554986,-0.6833702330589629,-0.5468412729747502,-0.6029281687465674,0.13865140029325773,-0.8087583942972505,-0.7144421101578222,0.8771361920062147,0.8834181803375286,0.868296488167563,0.5479835059652785,0.837193228782286,0.8274596477832669,-0.6052300751443335,-0.2458210415026038,3
-0.11259091172252474,-0.36577894029611896,0.008563302238310557,-0.23384486920320235,-0.449601012732079,-0.4476118094384931,-0.5569371668915206,1.5169905978087925,2.1766821539810834,-1.1850873853074197,-0.5670321667609788,-1.5329839341694629,-2.1649822264745064,-0.7854715719152173,-0.37470554309871573,0.7761825436471411,-0.13085151531489286,2
-0.039819361389629,-0.3140801197828655,-0.11000455972735261,-0.29675197836325834,-0.4754865785808298,-0.45853706699509245,-0.15352552526423166,-0.19628464033655385,0.3905422241516075,-1.0329257726576297,-0.648975258461632,-1.315030124836514,-1.1414961922137172,-0.8131354595184385,-0.7580832399895118,0.9659031756584353,0.11403657778337987,2
-0.7720803404897304,-0.6730374379183031,-0.7583043363726564,-0.6833668796999016,-0.5468412730776848,-0.6029281641393169,0.13865158543332773,-0.7649572302687996,-0.6811073600093824,0.6696604465270702,0.8505561754348281,0.692497322289636,0.4091869358372343,0.732780866492733,0.8733482630874508,-0.7348507931925019,-0.2699654336834814,3
1.6762074141806613,1.727441162069537,1.6344942260000304,1.676011597734952,1.5141260085919803,1.675873758310104,1.2890375610621154,-0.9539961591786732,-0.2074080914950222,-0.9833947088188413,-1.3715643924441876,-0.4457554495832229,-0.028948480327309824,-1.1920280862955184,-1.4001636147498588,1.1555207917655614,1.8352790718330514,1
1.5973773782329959,1.598075377529225,1.2583842574161346,1.2913840972145167,0.9022394884801676,1.2522962209084303,-0.1868144073074131,-0.843321976810115,-0.30849095124324577,-0.8066464191982015,-1.340964187859527,-0.018579753829807498,0.6487182173043972,-1.1779587194000953,-1.3493831272710635,1.1456380261838357,1.1344568436958589,1
-0.7761096183702912,-0.673030439835805,-0.7631438179379102,-0.6833704148583938,-0.5468412729745978,-0.6029281701606787,0.13865139961840384,0.3283746305850648,-0.497902935988431,1.1056513257720368,1.0260683401838155,0.9445741001712101,0.6485331529830297,1.1050298174693964,0.9567226331578715,-1.0713770883360942,-0.9703397105988204,0
-0.1513663797740405,-0.3899240811173188,-0.14188426326349635,-0.33913058716526157,-0.4883748063814243,-0.4887961446184921,-0.619301352900607,0.9164328820136562,4.160650564606097,-1.2823268035528859,-0.5086624138823693,-2.797589479780798,-2.836305362002231,-0.7554651423687573,-0.3525247132084968,0.7631017771135525,0.18625459111284792,2
-0.7761733499927576,-0.6730384387617078,-0.763207524458853,-0.6833704377076334,-0.5468412729746093,-0.6029281702108602,0.13865139962342327,-0.42711810073512896,-0.6460897979193699,1.1540772614601933,1.0297392840682449,0.9627356040992695,0.6884104980170239,1.156925652218912,0.9654194090229318,-1.1247859696884706,-0.6550556717621424,0
-0.7761715024489874,-0.6730383453354991,-0.7632007294049978,-0.6833704386163353,-0.5468412729746092,-0.6029281702073293,0.13865139962354192,0.3511724513780769,-0.5014752667951948,1.164378820335442,1.029487993539022,0.9670951858459536,0.6974184554111145,1.1306748028258298,0.9602619281647975,-1.0922270075028828,-0.9852908619368568,0
-0.7762176585524517,-0.6730450270110248,-0.7631980470196655,-0.6833704401525574,-0.5468412729746093,-0.6029281702088819,0.1386513996235056,-0.23714215398731073,-0.6044984241244143,1.133608251752943,1.0310964945998546,0.9588565202010126,0.6674683300407473,1.1663844596932933,0.9799776367928901,-1.2389804965699236,-0.7581540423148466,0
-0.7730850992632273,-0.6730456604921765,-0.7613857717898953,-0.6833677521280476,-0.5468412729473141,-0.6029281711025621,0.13865148469495778,-0.5344243227616408,-0.6060586523374313,0.5729623023522484,0.8709883651005278,0.7187700843917835,0.25923785148776685,0.8028710245099216,0.9251316522195214,-0.9188115066877545,-0.4456269326862224,3
-0.7733192817401296,-0.6729319146834198,-0.7630696683063234,-0.6833702701153571,-0.5468412729743887,-0.6029281712462348,0.13865139934189985,0.6503816945738403,-0.42282448505182246,0.9460472432577172,0.8897009866200595,0.9162330005584227,0.5991278284414628,0.8196359819468643,0.837663039729633,-0.6321834612401738,-1.0245400481819613,3
-0.11922500071961305,-0.36773596861527563,-0.1678557604210239,-0.341476835689736,-0.49019743023751616,-0.4853211140213089,-0.9808908002089851,1.155151435916445,1.9819272933452727,-1.1858178478693817,-0.538291007516201,-1.641933490484974,-2.148714402336835,-0.7802040497855648,-0.4749364812671212,0.8322363161552127,-0.07337550486326565,2
-0.7726441824695737,-0.6730361786293297,-0.7601087413517302,-0.6833690966782237,-0.546841272954834,-0.6029281693668341,0.13865143306722325,-0.6980400129740724,-0.668838848454309,0.7303310353757287,0.8740402582596192,0.7234787637784958,0.4498346106385631,0.784973261525739,0.9494818311820873,-1.0317385267298484,-0.3596403007339888,3
-0.7733445651310219,-0.6730126503481754,-0.7631955278974294,-0.6833697229757385,-0.5468412729754251,-0.6029281684431285,0.1386513993971187,-1.0508007095874656,-0.7844685217063369,0.7961516111833151,0.8728944633948869,0.7067332336692618,0.5382525153245022,0.8282051503285921,0.9096524209744449,-0.8578206527758218,0.14892221134081562,3
-0.7761874606752115,-0.6730459554748843,-0.7631749499905288,-0.6833704390968905,-0.5468412729746094,-0.6029281702085231,0.13865139962354991,-0.27976762582286885,-0.616031436740978,1.1622702671738205,1.0266149562225995,0.9549036014605948,0.7033455179176274,1.1263816181022575,0.9821613403897201,-1.2610407234212693,-0.7446235567377094,0
-0.11308622617517938,-0.3659806251104844,-0.003581546466293824,-0.2418474818298587,-0.4529340513361723,-0.45043061431319764,-0.5947795442290451,1.477918721924685,1.984709742030971,-1.1690972621623845,-0.5672338939325607,-1.4509852765578586,-2.0668269311679537,-0.785990340123523,-0.4125531342668587,0.7979278975974836,-0.1695665458581678,2
-0.042824730399534154,-0.31638925559547837,-0.13085571493766748,-0.31582060470082235,-0.4817693499328807,-0.46619331642319595,1.2724693326820395,-0.4500219990192291,0.14254910745263227,-0.9868635868243303,-0.6475620429161584,-1.2191219098791255,-0.9382719681317578,-0.8203958734077519,-1.2175468922471222,1.116068624803162,0.25450892882850745,2
-0.7762043902551187,-0.6730402069534404,-0.7632064086541159,-0.683370440123819,-0.5468412729746093,-0.6029281702088692,0.13865139962350687,-0.3250803940993248,-0.6243598658218199,1.1527067513409703,1.032225713403097,0.9614622103791577,0.6855301341433526,1.1640711758033557,0.9654355512157888,-1.124892529633707,-0.715951198223816,0
-0.7730181143482754,-0.6728740940884057,-0.7628916206082095,-0.6833703713810594,-0.546841272974619,-0.6029281696458956,0.13865139946557245,-0.7957639016389614,-0.7221365906854379,1.005929550290063,0.8841059500273353,0.8987416338138016,0.6796824099560534,0.7912409840658401,0.845118710247781,-0.6524905914165038,-0.3023891044938191,3
-0.1645704754536238,-0.39838112733551023,-0.18282097809979034,-0.37105638670393876,-0.4980074353227617,-0.5009004796594838,-0.050101538214378426,3.4265975923763174,1.6058539215813254,-0.989284031631375,-0.48977580663943987,-1.1930919178037767,-1.1378426045934813,-0.7388024743529261,-0.38291529673845637,0.7809605238633167,-0.9657268695712528,2
